Player,Season
Trevor Ariza,09-10
Ron Artest,09-10
Rasheed Wallace,09-10
Ben Gordon,09-10
Malik Hairston,09-10
Marcus Haislip,09-10
Quinton Ross,09-10
Charlie Villanueva,09-10
Brandon Bass,09-10
Antonio McDyess,09-10
Jannero Pargo,09-10
Anthony Parker,09-10
Dahntay Jones,09-10
Channing Frye,09-10
Jarrett Jack,09-10
Chris Wilcox,09-10
Matt Barnes,09-10
Ersan İlyasova,09-10
Andre Miller,09-10
Jamario Moon,09-10
Theo Ratliff,09-10
Tim Thomas,09-10
Earl Watson,09-10
Ike Diogu,09-10
Drew Gooden,09-10
Solomon Jones,09-10
Rasho Nesterović,09-10
Hakim Warrick,09-10
Kevin Ollie,09-10
Sean May,09-10
Marcus Williams,09-10
Shelden Williams,09-10
Ryan Hollins,09-10
Fabricio Oberto,09-10
Leon Powe,09-10
Ben Wallace,09-10
Primož Brezec,09-10
Jason Williams,09-10
Joe Smith,09-10
Marquis Daniels,09-10
Jason Collins,09-10
Mikki Moore,09-10
Pops Mensah-Bonsu,09-10
Allen Iverson,09-10
Warren Carter,09-10
Gabe Pruitt,09-10
Ramon Sessions,09-10
Rodney Carney,09-10
Luther Head,09-10
Juwan Howard,09-10
Desmond Mason,09-10
Sasha Pavlović,09-10
Sun Yue,09-10
Morris Almond,09-10
Linton Johnson,09-10
Keith Bogans,09-10
Dwayne Jones,09-10
Ronald Murray,09-10
Ime Udoka,09-10
Carlos Arroyo,09-10
Jarron Collins,09-10
Ime Udoka,09-10
Earl Boykins,09-10
Jamaal Tinsley,09-10
Pops Mensah-Bonsu,09-10
Chris Hunter,09-10
Mike Wilks,09-10
Allen Iverson,09-10
Jonathan Bender,09-10
Anthony Tolliver,09-10
Mike Harris,09-10
Shavlik Randolph,09-10
Rafer Alston,09-10
Lester Hudson,09-10
Jerry Stackhouse,09-10
Sundiata Gaines,09-10
Will Conroy,09-10
Coby Karl,09-10
Mario West,09-10
Anthony Tolliver,09-10
Larry Hughes,09-10
Gerald Green,08-09
Hassan Adams,08-09
J.J. Barea,08-09
Chris Paul,08-09
Elton Brand,08-09
José Calderón,08-09
DeSagana Diop,08-09
Chris Duhon,08-09
James Jones,08-09
Corey Maggette,08-09
Chris Paul,08-09
Mickaël Piétrus,08-09
Beno Udrih,08-09
Brent Barry,08-09
Baron Davis,08-09
Andrew Bogut,08-09
"Roger Mason, Jr.",08-09
Keith McLeod,08-09
James Singleton,08-09
Antoine Wright,08-09
Anthony Carter,08-09
Gilbert Arenas,08-09
Anthony Johnson,08-09
Jarvis Hayes,08-09
Eduardo Nájera,08-09
Roko Ukić,08-09
Malik Allen,08-09
Tyronn Lue,08-09
Craig Smith,08-09
Dee Brown,08-09
Deron Williams,08-09
Tony Allen,08-09
Kurt Thomas,08-09
Eddie House,08-09
Matt Barnes,08-09
Hamed Haddadi,08-09
Mike Gansey,06-07
Louis Amundson,06-07
Sam Cassell,06-07
Willie Green,06-07
Matt Harpring,06-07
D.J. Mbenga,06-07
Richard Melzer,06-07
Anthony Parker,06-07
Vladimir Radmanović,06-07
Shavlik Randolph,06-07
Jamar Smith,06-07
Tim Thomas,06-07
Shammond Williams,06-07
Keith Bogans,06-07
Greg Buckner,06-07
Speedy Claxton,06-07
Jorge Garbajosa,06-07
Mike James,06-07
Eric Piatkowski,06-07
Ben Wallace,06-07
Lindsey Hunter,06-07
Joel Przybilla,06-07
Flip Murray,06-07
Lindsey Hunter,06-07
Lynn Greer,06-07
Nazr Mohammed,06-07
Othella Harrington,06-07
Darius Songaila,06-07
Jarron Collins,06-07
Nenê,06-07
Marcus Banks,06-07
Ronald Dupree,06-07
Jackie Butler,06-07
John Salmons,06-07
Jason Terry,06-07
Yakhouba Diawara,06-07
Bobby Jackson,06-07
Rasual Butler,06-07
Trevor Ariza,06-07
Maceo Baston,06-07
Sean Marks,06-07
Bernard Robinson,06-07
Kelenna Azubuike,06-07
Adrian Griffin,06-07
John Lucas III,06-07
Jamal Sampson,06-07
Aaron Williams,06-07
Chucky Atkins,06-07
Justin Reed,06-07
Junior Harrington,06-07
Devean George,06-07
Jimmie Hunter,06-07
DeShawn Stevenson,06-07
Jared Jeffries,06-07
Jannero Pargo,06-07
Cliff Robinson,06-07
Chris Wilcox,06-07
Loren Woods,06-07
J.J. Barea,06-07
Pat Carroll,06-07
Ndudi Ebi,06-07
Matt Haryasz,06-07
Eddie House,06-07
Bo Outlaw,06-07
Darius Washington,06-07
Alonzo Mourning,06-07
Scot Pollard,06-07
Jawad Williams,06-07
Ivan McFarlin,06-07
Jake Voskuhl,06-07
Walter Herrmann,06-07
Lorenzen Wright,06-07
Jumaine Jones,06-07
Casey Jacobsen,06-07
David Wesley,06-07
Charles Lee,06-07
Kareem Rush,07-08
Stephen Graham,07-08
Andre Owens,07-08
Oleksiy Pecherov,07-08
Marcus Slaughter,07-08
Joel Anthony,07-08
Jeremy Richardson,07-08
Mustafa Shakur,07-08
Jamario Moon,07-08
Brandon Wallace,07-08
Chauncey Billups,07-08
Jason Kapono,07-08
Devean George,07-08
Luke Walton,07-08
Jacque Vaughn,07-08
Matt Bonner,07-08
Jason Hart,07-08
Darko Miličić,07-08
Mike Harris,07-08
Jerry Stackhouse,07-08
Vince Carter,07-08
Steve Blake,07-08
Mikki Moore,07-08
Amir Johnson,07-08
DeShawn Stevenson,07-08
Chucky Atkins,07-08
Andres Nocioni,07-08
Joe Smith,07-08
Matt Carroll,07-08
Cheikh Samb,07-08
Jamaal Magloire,07-08
Kelenna Azubuike,07-08
Fabricio Oberto,07-08
Travis Outlaw,07-08
Andre Brown,07-08
Chris Mihm,07-08
Gerald Wallace,07-08
Morris Peterson,07-08
Desmond Mason,07-08
Travis Diener,07-08
Antonio McDyess,07-08
Maceo Baston,07-08
Sean Marks,07-08
Mo Williams,07-08
Casey Jacobsen,07-08
Sammy Mejia,07-08
Ronnie Price,07-08
Brandon Bass,07-08
Smush Parker,07-08
Coby Karl,07-08
Chuck Hayes,07-08
Kosta Perović,07-08
Austin Croshere,07-08
Eddie Jones,07-08
Matt Barnes,07-08
Justin Williams,07-08
Awvee Storey,07-08
Jannero Pargo,07-08
Penny Hardaway,07-08
Eddie House,07-08
Scot Pollard,07-08
Brevin Knight,07-08
Josh Powell,07-08
Ime Udoka,07-08
Robert Hite,07-08
Jarvis Hayes,07-08
Andray Blatche,07-08
Donell Taylor,07-08
Mike Hall,07-08
Stephane Lasme,07-08
Marvin Williams,07-08
Shelden Williams,07-08
Ian Mahinmi,07-08
Adonal Foyle,07-08
Alexander Johnson,07-08
Marcin Gortat,07-08
James Posey,07-08
D.J. Strawberry,07-08
Jeff McInnis,07-08
Ruben Patterson,07-08
Yi Jianlian,07-08
Anthony Carter,07-08
Orien Greene,07-08
Glen Davis,07-08
Malik Allen,07-08
Ramon Sessions,07-08
Calvin Booth,07-08
Melvin Ely,07-08
Elton Brown,07-08
Charlie Bell,07-08
Royal Ivey,07-08
Charlie Bell,07-08
Michael Ruffin,07-08
Roger Mason,07-08
Troy Hudson,07-08
Brian Chase,07-08
Samaki Walker,07-08
John Edwards,07-08
Esteban Batista,07-08
Dahntay Jones,07-08
Dontell Jefferson,07-08
Kasib Powell,07-08
Darrick Martin,07-08
Devin Brown,07-08
Marcus Williams,07-08
Chris Richard,07-08
Andre Patterson,07-08
Ryan Bowen,07-08
Trey Johnson,07-08
Anthony Richardson (basketball),07-08
Eric Chenowith,07-08
Gerald Fitch,07-08
Roderick Wilmont,07-08
Jared Jordan,07-08
Demetris Nichols,07-08
Walker Russell Jr.,07-08
Eddie Gill,07-08
Jumaine Jones,07-08
Mateen Cleaves,07-08
Rod Benson,07-08
Chris Ellis,07-08
Brent Petway,07-08
J.R. Pinnock,07-08
Tony Massenburg,07-08
Jamon Gordon,07-08
Willie Deane,07-08
Darvin Ham,07-08
Jared Newson,07-08
Jamal Sampson,07-08
Brian Skinner,07-08
Marcus Douthit,07-08
Kimani Friend,07-08
Tierre Brown,07-08
Pat Burke,07-08
Carlos Powell,07-08
Mickael Pietrus,07-08
Alvin Jones,07-08
Brad Stricker,07-08
Anthony Roberson,07-08
Jelani McCoy,07-08
Antwayne Robinson,07-08
Steven Smith,07-08
Jamaal Tatum,07-08
Mario West,07-08
Donell Williams,07-08
Courtney Sims,07-08
Lukasz Obrzut,07-08
Kris Lang,07-08
Keith Langford,07-08
Lavoy Allen,12-13
Darius Washington,07-08
Anthony Lever-Pedroza,07-08
Andre Barrett,07-08
Joseph Blair,07-08
Justin Cage,07-08
Thomas Gardiner,07-08
Jared Homan,07-08
Stacey Augmon,07-08
Dan Dickeau,07-08
Darrell Armstrong,07-08
Allan Houston,07-08
Mike Wilks,07-08
Stacey Augmon,07-08
Courtney Sims,07-08
Demetris Nichols,07-08
Sasha Pavlović,07-08
Juwan Howard,07-08
Beno Udrih,07-08
Eddie Gill,07-08
D.J. Mbenga,07-08
Jelani McCoy,07-08
Demetris Nichols,07-08
Dahntay Jones,07-08
Luke Jackson,07-08
Courtney Sims,07-08
Richie Frahm,07-08
Mike Wilks,07-08
Jeremy Richardson,07-08
Jelani McCoy,07-08
Billy Thomas,07-08
Marcus Williams,07-08
Keith Langford,07-08
DerMarr Johnson,07-08
Ray Allen,12-13
Ryan Anderson,12-13
Marcus Camby,12-13
Jamal Crawford,12-13
Tim Duncan,12-13
Jeremy Evans,12-13
Reggie Evans,12-13
Danny Green,12-13
Luke Harangody,12-13
Rashard Lewis,12-13
Brook Lopez,12-13
Andre Miller,12-13
Steve Nash,12-13
J. R. Smith,12-13
DeShawn Stevenson,12-13
Mirza Teletović,12-13
Hasheem Thabeet,12-13
Hollis Thompson,12-13
Jason Thompson,12-13
Gerald Wallace,12-13
James White,12-13
Deron Williams,12-13
Boris Diaw,12-13
Ersan İlyasova,12-13
Jason Kidd,12-13
Cartier Martin,12-13
Ian Mahinmi,12-13
Steve Novak,12-13
Louis Williams,12-13
Nick Young,12-13
Darrell Arthur,12-13
D. J. Augustin,12-13
Jerryd Bayless,12-13
Chauncey Billups,12-13
Elton Brand,12-13
C.J. Watson,07-08
Guillermo Diaz,07-08
Bobby Jones,07-08
Jeremy Richardson,07-08
C.J. Watson,07-08
Guillermo Diaz,07-08
Bobby Jones,07-08
Jeremy Richardson,07-08
D.J. Mbenga,07-08
C.J. Watson,07-08
Chris Webber,07-08
Earl Boykins,07-08
D.J. Mbenga,07-08
Damon Stoudamire,07-08
D.J. Mbenga,07-08
Jeremy Richardson,07-08
Bobby Jones,07-08
Jamaal Magloire,07-08
P.J. Brown,07-08
Nick Fazekas,07-08
Jeremy Richardson,07-08
Mike Wilks,07-08
Andre Barrett,07-08
Flip Murray,07-08
Billy Thomas,07-08
Kaniel Dickens,07-08
Linton Johnson,07-08
Sam Cassell,07-08
Chris Andersen,07-08
Gordon Giriček,07-08
Theo Ratliff,07-08
Tyronn Lue,07-08
Justin Williams (basketball),07-08
Mike Harris,07-08
Nick Fazekas,07-08
Gerald Green,12-13
Spencer Hawes,12-13
Roy Hibbert,12-13
J. J. Hickson,12-13
George Hill,12-13
Chris Kaman,12-13
Patrick Mills,12-13
Ramon Sessions,12-13
Marreese Speights,12-13
Brandon Bass,12-13
Kevin Garnett,12-13
Eric Gordon,12-13
Brendan Haywood,12-13
Viacheslav Kravtsov,12-13
Chris Wilcox,12-13
Landry Fields,12-13
Luis Scola,12-13
Raymond Felton,12-13
Chris Copeland,12-13
Jared Jeffries,12-13
Jameer Nelson,12-13
Jerry Stackhouse,12-13
Aaron Brooks,12-13
Kris Humphries,12-13
Jeremy Lin,12-13
Nicolas Batum,12-13
Grant Hill,12-13
JaVale McGee,12-13
Ronnie Price,12-13
Jason Terry,12-13
Goran Dragić,12-13
O. J. Mayo,12-13
Vladimir Radmanović,12-13
Keith Bogans,12-13
Michael Beasley,12-13
Jeremy Richardson,07-08
Mike Wilks,07-08
Smush Parker,07-08
Bobby Jones,07-08
Lance Allred,07-08
Mike Harris,07-08
Nick Fazekas,07-08
Blake Ahearn,07-08
Ira Newble,07-08
Stephane Lasme,07-08
Loren Woods,07-08
Kasib Powell,07-08
Brent Barry,07-08
Eddie Gill,07-08
Lance Allred,07-08
Linton Johnson,07-08
Mike Harris,07-08
Marcus Williams,07-08
Blake Ahearn,07-08
Stephane Lasme,07-08
Kwame Brown,12-13
Courtney Lee,12-13
Jon Leuer,12-13
Sasha Pavlović,12-13
Anthony Randolph,12-13
Kirk Hinrich,12-13
Ryan Hollins,12-13
C. J. Watson,12-13
Ömer Aşık,12-13
Marco Belinelli,12-13
A. J. Price,12-13
Pablo Prigioni,12-13
Ronnie Brewer,12-13
Shannon Brown,12-13
Randy Foye,12-13
Jordan Hill,12-13
Antawn Jamison,12-13
Alexey Shved,12-13
Kent Bazemore,12-13
Delonte West,12-13
Aaron Gray,12-13
Robin Lopez,12-13
Andrei Kirilenko,12-13
Loren Woods,07-08
Ira Newble,07-08
Bobby Jones,07-08
Ronald Dupree,07-08
Lance Allred,07-08
Stephane Lasme,07-08
Bobby Jones,07-08
Loren Woods,07-08
DerMarr Johnson,07-08
Blake Ahearn,07-08
Ronald Dupree,07-08
Linton Johnson,07-08
Billy Thomas,07-08
John Lucas III,12-13
Nazr Mohammed,12-13
Ronny Turiaf,12-13
Royal Ivey,12-13
Hamed Haddadi,12-13
Alan Anderson,12-13
Willie Green,12-13
Dionte Christmas,12-13
Jason Collins,12-13
Keyon Dooling,12-13
Nate Robinson,12-13
Brandon Roy,12-13
Jamar Smith,12-13
Maalik Wayns,12-13
Carl Landry,12-13
Brandon Rush,12-13
Chris Smith,12-13
P. J. Tucker,12-13
Greg Stiemsma,12-13
"Roger Mason, Jr.",12-13
Daniel Orton,12-13
C. J. Miles,12-13
Joel Przybilla,12-13
Micheal Eric,12-13
Jodie Meeks,12-13
Devin Ebanks,12-13
Carlos Delfino,12-13
Jermaine O'Neal,12-13
Ish Smith,12-13
Brian Roberts,12-13
Jeff Green,12-13
Martell Webster,12-13
Greg Somogyi,12-13
Reeves Nelson,12-13
E'Twaun Moore,12-13
Sam Young,12-13
Sundiata Gaines,12-13
Blake Ahearn,12-13
Mickell Gladness,12-13
Scott Machado,12-13
Alonzo Gee,12-13
Terrel Harris,12-13
Henry Sims,12-13
Oscar Bellfield,12-13
John Shurna,12-13
Mychel Thompson,12-13
DeAndre Liggins,12-13
Andy Rautins,12-13
Andray Blatche,12-13
Dominic McGuire,12-13
Josh Childress,12-13
Garrett Temple,12-13
Matt Barnes,12-13
Stephen Dennis,12-13
Josh Harrellson,12-13
James Mays,12-13
Carleton Scott,12-13
Ivan Johnson,12-13
Luke Nevill,12-13
Ben Hansbrough,12-13
Jamaal Magloire,12-13
Brian Cook,12-13
Earl Barron,12-13
Steven Gray,12-13
Shavlik Randolph,12-13
Jerel McNeal,12-13
Jason Collins,11-12
Channing Frye,10-11
Chris Wright,12-13
Adam Morrison,12-13
Demonte Harper,12-13
Dallas Lauderdale,12-13
Louis Amundson,12-13
Marquis Daniels,12-13
D. J. Mbenga,12-13
Josh Akognon,12-13
Tu Holloway,12-13
Jeff Adrien,12-13
Paris Horne,12-13
Josh Owens,12-13
DaJuan Summers,12-13
Kyle Fogg,12-13
Demetri McCamey,12-13
Cyril Awere,12-13
Tony Mitchell,12-13
Hamady N'Diaye,12-13
Willie Reed,12-13
Carlon Brown,12-13
Lance Goulbourne,12-13
Rick Jackson,12-13
Tarence Kinsey,12-13
Trey Gilder,12-13
Darnell Jackson,12-13
Chris Quinn,12-13
Brian Butch,12-13
Ronnie Aguilar,12-13
Derrick Brown,12-13
Ivan Johnson,11-12
Tracy McGrady,11-12
Vladimir Radmanović,11-12
Donald Sloan,11-12
Jerry Stackhouse,11-12
Marquis Daniels,11-12
Chris Wilcox,11-12
Greg Stiemsma,11-12
Derrick Brown,11-12
Mychel Thompson,11-12
Brandan Wright,11-12
Julyan Stone,11-12
Jonas Jerebko,11-12
Tayshaun Prince,11-12
Damien Wilkins,11-12
Caron Butler,11-12
Jason Kapono,11-12
Mario Chalmers,11-12
Juwan Howard,11-12
James Jones,11-12
Shane Battier,11-12
Dennis Horner,11-12
Carldell Johnson,11-12
Trey Johnson,11-12
DaJuan Summers,11-12
Lance Thomas,11-12
Terrico White,11-12
Daequan Cook,11-12
Larry Hughes,11-12
Grant Hill,11-12
Shannon Brown,11-12
Sebastian Telfair,11-12
Greg Oden,11-12
Marcus Thornton,11-12
T. J. Ford,11-12
Chris Duhon,10-11
Rudy Gay,10-11
Steve Blake,10-11
Randy Foye,10-11
Ryan Gomes,10-11
John Salmons,10-11
Joe Johnson,10-11
Drew Gooden,10-11
Ray Allen,10-11
Carlos Boozer,10-11
Hakim Warrick,10-11
Amir Johnson,10-11
Amar'e Stoudemire,10-11
Tyrus Thomas,10-11
Brendan Haywood,10-11
David Lee,10-11
Brian Cook,10-11
Josh Powell,12-13
Tyler Wilkerson,12-13
Wesley Witherspoon,12-13
Rodney Carney,12-13
Anthony Tolliver,12-13
Keith Benson,12-13
Damion James,12-13
James Anderson,12-13
Carldell Johnson,12-13
Dan Gadzuric,12-13
Devin Searcy,12-13
Xavier Silas,12-13
Damien Wilkins,12-13
Darko Miličić,12-13
Micah Downs,12-13
Rob Kurz,12-13
Jamaal Magloire,11-12
Earl Watson,11-12
Roger Mason,11-12
Chris Wright,11-12
Jeff Foster,11-12
Jeff Pendergraph,11-12
Josh Davis,11-12
Jeremy Pargo,11-12
Brian Skinner,11-12
Eddy Curry,11-12
Mickell Gladness,11-12
Terrel Harris,11-12
Mike Dunleavy,11-12
Darington Hobson,11-12
Tyson Chandler,11-12
Thaddeus Young,11-12
Rasual Butler,11-12
Jamaal Tinsley,11-12
Larry Owens,11-12
Jared Jeffries,11-12
Mike Bibby,11-12
Spencer Hawes,11-12
Kurt Thomas,11-12
Aaron Gray,11-12
Hamady N'Diaye,11-12
Aleksandar Pavlović,11-12
Brian Scalabrine,11-12
Anthony Parker,11-12
Brian Cardinal,11-12
Vince Carter,11-12
Jeremy Lin,11-12
DeAndre Jordan,11-12
Chauncey Billups,11-12
Jason Richardson,11-12
Glen Davis,11-12
Von Wafer,11-12
Tony Battie,11-12
Dwyane Wade,10-11
Will Conroy,12-13
Mike Harris,12-13
Chris Johnson,12-13
Phil Jones,12-13
Seth Tarver,12-13
Jermaine Taylor,12-13
Kevin Jones,12-13
Kevin Anderson,12-13
Jeremy Pargo,12-13
Michael Dunigan,12-13
Ronald Dupree,12-13
Jarrid Famous,12-13
Gani Lawal,11-12
Anthony Carter,11-12
Delonte West,11-12
DeMarre Carroll,11-12
David West,11-12
Luc Mbah a Moute,11-12
Shelden Williams,11-12
Marco Belinelli,11-12
Ronnie Price,11-12
Melvin Ely,11-12
Richard Hamilton,11-12
Nenê,11-12
Kwame Brown,11-12
Josh McRoberts,11-12
Marc Gasol,11-12
José Juan Barea,11-12
Gary Forbes,11-12
Reggie Williams,11-12
Dominic McGuire,11-12
Shawne Williams,11-12
Earl Clark,11-12
Jamal Crawford,11-12
Craig Smith,11-12
Steve Novak,11-12
Josh Howard,11-12
Ish Smith,11-12
Maurice Evans,11-12
Rodney Stuckey,11-12
Carl Landry,11-12
Jason Smith,11-12
Travis Outlaw,11-12
Troy Murphy,11-12
Ben Uzoh,11-12
Baron Davis,11-12
Chris Bosh,10-11
LeBron James,10-11
Udonis Haslem,10-11
Tyrus Thomas,10-11
Darko Miličić,10-11
Raymond Felton,10-11
Dorell Wright,10-11
Anthony Morrow,10-11
Kyle Korver,10-11
Matt Bonner,10-11
Hilton Armstrong,10-11
Ian Mahinmi,10-11
Timofey Mozgov,10-11
Quentin Richardson,10-11
Josh Childress,10-11
Tony Allen,10-11
Jermaine O'Neal,10-11
Derek Fisher,10-11
Kyle Lowry,10-11
Jordan Farmar,10-11
Johan Petro,10-11
Travis Outlaw,10-11
Paul Pierce,10-11
Mike Miller,10-11
Anthony Carter,10-11
Shelden Williams,10-11
Al Harrington,10-11
Raja Bell,10-11
Joel Anthony,10-11
J. J. Redick,10-11
Luis Scola,10-11
Žydrūnas Ilgauskas,10-11
Nate Robinson,10-11
Jamaal Magloire,10-11
James Jones,10-11
Jerome Jordan,12-13
D. J. Kennedy,12-13
Armon Johnson,12-13
DeQuan Jones,12-13
Marqus Blakely,12-13
Courtney Fortson,12-13
Trent Plaisted,12-13
Ike Diogu,12-13
Othyus Jeffers,12-13
Luke Zeller,12-13
Diante Garrett,12-13
Solomon Jones,12-13
Terrence Williams,12-13
Jonny Flynn,12-13
Isma'il Muhammad,12-13
"Walker Russell, Jr.",12-13
Chris Douglas-Roberts,12-13
Alando Tucker,12-13
Eddie Gill,12-13
Orien Greene,12-13
"Mustapha Farrakhan, Jr.",12-13
Jannero Pargo,12-13
Ryan Allen,12-13
Vance Cooksey,12-13
Andre Emmett,12-13
Kyrylo Fesenko,12-13
Marko Jarić,12-13
Mikki Moore,12-13
Kyle Weaver,12-13
Ronald Murray,12-13
Anthony Carter,12-13
Ben Uzoh,12-13
Eddy Curry,12-13
Sherron Collins,12-13
Solomon Alabi,12-13
Chris Wright,12-13
Dominique Morrison,12-13
Nick Young,11-12
Jannero Pargo,11-12
Arron Afflalo,11-12
Sean Williams,11-12
Jeff Adrien,11-12
Kris Humphries,11-12
Steve Novak,11-12
Craig Smith,10-11
Dirk Nowitzki,10-11
Ronnie Brewer,10-11
Keyon Dooling,10-11
Juwan Howard,10-11
Brad Miller,10-11
Wesley Matthews,10-11
Tony Battie,10-11
Luke Ridnour,10-11
Richard Jefferson,10-11
Royal Ivey,10-11
Carlos Arroyo,10-11
C. J. Watson,10-11
Gary Neal,10-11
Theo Ratliff,10-11
Coby Karl,12-13
Justin Holiday,12-13
Hank Thorns,12-13
Chris Johnson,12-13
Stefhon Hannah,12-13
Rasheed Wallace,12-13
Chris Johnson,12-13
Justin Holiday,12-13
Leandro Barbosa,12-13
JaMychal Green,12-13
Eddy Curry,12-13
D'Aundray Brown,12-13
Chris Douglas-Roberts,12-13
Melvin Ely,12-13
Daniel Orton,12-13
Troy Murphy,12-13
Shaun Livingston,12-13
Josh Howard,12-13
James Anderson,12-13
Derek Fisher,12-13
Kevin Jones,12-13
Mickaël Piétrus,12-13
Jeff Adrien,12-13
Dominic McGuire,12-13
Chris Douglas-Roberts,12-13
Jarvis Varnado,12-13
Shelvin Mack,12-13
Willie Green,11-12
Reggie Evans,11-12
DeShawn Stevenson,11-12
Gustavo Ayón,11-12
Chuck Hayes,11-12
Mickaël Piétrus,11-12
Dante Cunningham,11-12
Cory Higgins,11-12
Samuel Dalembert,11-12
Jeremy Lin,11-12
Michael Redd,11-12
Hamed Haddadi,11-12
Ike Diogu,11-12
Solomon Jones,11-12
Nate Robinson,11-12
Mike James,11-12
Malcolm Thomas,11-12
Earl Barron,11-12
Courtney Fortson,11-12
Larry Owens,11-12
Walker Russell,11-12
Francisco Elson,11-12
Matt Barnes,10-11
Antoine Wright,10-11
Eugene Jeter,10-11
Linas Kleiza,10-11
Marquis Daniels,10-11
Josh Powell,10-11
Kurt Thomas,10-11
Shavlik Randolph,10-11
Rasual Butler,10-11
Kenny Hasbrouck,10-11
Jason Collins,10-11
Joey Graham,10-11
Josh Howard,10-11
Eddie House,10-11
Von Wafer,10-11
Jason Williams,10-11
Shaquille O'Neal,10-11
Ben Wallace,10-11
Anthony Tolliver,10-11
Sean May,10-11
Roger Mason,10-11
Keith Bogans,10-11
Shannon Brown,10-11
Tracy McGrady,10-11
Tim Thomas,10-11
Earl Boykins,10-11
Kwame Brown,10-11
"Patrick Ewing, Jr.",10-11
Delonte West,10-11
Etan Thomas,10-11
Rodney Carney,10-11
Mustafa Shakur,10-11
Joe Smith,10-11
Louis Amundson,10-11
Francisco Elson,10-11
Stephen Graham,10-11
Garrett Temple,12-13
Shaun Livingston,12-13
Lazar Hayward,12-13
James Anderson,12-13
Daequan Cook,12-13
Dominic McGuire,12-13
Donald Sloan,12-13
Patrick Beverley,12-13
Mike James,12-13
Lazar Hayward,12-13
Keith Bogans,11-12
Ish Smith,11-12
Kenyon Martin,11-12
Greg Smith,11-12
DeMarre Carroll,11-12
J. R. Smith,11-12
Joel Przybilla,11-12
Lance Thomas,11-12
Erick Dampier,11-12
Donald Sloan,11-12
Manny Harris,11-12
Wilson Chandler,11-12
Gerald Green,11-12
Gilbert Arenas,11-12
Chris Johnson,11-12
Ronny Turiaf,11-12
Derek Fisher,11-12
J. J. Hickson,11-12
Ryan Hollins,11-12
Kelenna Azubuike,11-12
Kyrylo Fesenko,11-12
Malik Allen,10-11
Ronald Dupree,10-11
Jawad Williams,10-11
Steve Novak,10-11
Shawne Williams,10-11
Jerry Stackhouse,10-11
Fabricio Oberto,10-11
Sean Marks,10-11
Chris Quinn,10-11
Sundiata Gaines,10-11
Earl Barron,10-11
Danny Green,10-11
Alonzo Gee,10-11
Erick Dampier,10-11
Ime Udoka,10-11
John Lucas III,10-11
Brian Skinner,10-11
Damien Wilkins,10-11
Acie Law,10-11
Lester Hudson,10-11
Ike Diogu,10-11
Alonzo Gee,10-11
Peja Stojaković,10-11
Damien Wilkins,10-11
Sundiata Gaines,10-11
Zabian Dowdell,10-11
Jason Williams,10-11
Jeff Adrien,10-11
Mustafa Shakur,10-11
Jared Jeffries,10-11
Derrick Brown,10-11
Troy Murphy,10-11
Mike Bibby,10-11
Corey Brewer,10-11
Dominic McGuire,10-11
Al Thornton,10-11
Maalik Wayns,12-13
Jarvis Varnado,12-13
Josh Harrellson,12-13
Damion James,12-13
Dominic McGuire,12-13
Shelvin Mack,12-13
Mike James,12-13
Chris Johnson,12-13
Mickaël Gelabale,12-13
Chris Andersen,12-13
Jarvis Varnado,12-13
Jannero Pargo,12-13
Aron Baynes,12-13
Chris Johnson,12-13
Boris Diaw,11-12
Bobby Simmons,11-12
Patrick Mills,11-12
Courtney Fortson,11-12
Terrence Williams,11-12
Mickell Gladness,11-12
Mike James,11-12
Diamon Simpson,11-12
Jamario Moon,11-12
Morris Almond,11-12
Mikki Moore,11-12
Sean Williams,11-12
Lester Hudson,11-12
Dan Gadzuric,11-12
Xavier Silas,11-12
Rasual Butler,10-11
Aleksandar Pavlović,10-11
Steve Novak,10-11
Leon Powe,10-11
Carlos Arroyo,10-11
Chris Johnson,10-11
Danny Green,10-11
Sundiata Gaines,10-11
John Lucas III,10-11
Jannero Pargo,10-11
Da'Sean Butler,10-11
Garrett Temple,10-11
Patrick Ewing Jr.,10-11
Robert Vaden,10-11
Mario West,10-11
Marcus Cousin,10-11
Magnum Rolle,10-11
Earl Barron,10-11
Trey Johnson,10-11
Mike James,12-13
Shelvin Mack,12-13
Sam Young,12-13
Chris Johnson,12-13
Mickaël Gelabale,12-13
Chris Andersen,12-13
Jarvis Varnado,12-13
Jannero Pargo,12-13
Chris Johnson,12-13
Jeremy Pargo,12-13
Chris Andersen,12-13
Chris Johnson,12-13
Mickaël Gelabale,12-13
Jeremy Pargo,12-13
Terrence Williams,12-13
Kenyon Martin,12-13
Derek Fisher,12-13
Tim Ohlbrecht,12-13
D. J. White,12-13
Shavlik Randolph,12-13
Lou Amundson,12-13
Juwan Howard,12-13
Henry Sims,12-13
Terrence Williams,12-13
Aaron Brooks,12-13
Kenyon Martin,12-13
Shelvin Mack,12-13
Malcolm Thomas,12-13
Terrel Harris,12-13
Maalik Wayns,12-13
D. J. White,12-13
Travis Leslie,12-13
Shavlik Randolph,12-13
Lou Amundson,12-13
Juwan Howard,12-13
Chris Wright,12-13
Jannero Pargo,12-13
DaJuan Summers,12-13
Kenyon Martin,12-13
Shelvin Mack,12-13
Terrel Harris,12-13
Malcolm Thomas,12-13
Maalik Wayns,12-13
D. J. White,12-13
Chris Quinn,12-13
Shavlik Randolph,12-13
Juwan Howard,12-13
Jannero Pargo,12-13
DaJuan Summers,12-13
Justin Dentmon,12-13
Shelvin Mack,12-13
Jerel McNeal,12-13
Terrel Harris,12-13
Maalik Wayns,12-13
Malcolm Thomas,12-13
Justin Holiday,12-13
Kris Joseph,12-13
Josh Akognon,12-13
Jannero Pargo,12-13
Keyon Dooling,12-13
DaJuan Summers,12-13
Jerel McNeal,12-13
Scott Machado,12-13
Malcolm Thomas,12-13
Solomon Jones,12-13
Kris Joseph,12-13
Josh Akognon,12-13
Andrew Goudelock,12-13
Quentin Richardson,12-13
Tracy McGrady,12-13
Earl Barron,12-13
Dwayne Jones,12-13
Donté Greene,12-13
Willie Reed,12-13
Scott Machado,12-13
Erick Dampier,12-13
Brian Cardinal,12-13
Earl Boykins,12-13
Bobby Simmons,12-13
Mike Bibby,12-13
Baron Davis,12-13
Tony Battie,12-13
Michael Redd,12-13
Maurice Evans,12-13
